-- Adminer 3.5.1 MySQL dump

SET NAMES utf8;
SET foreign_key_checks = 0;
SET time_zone = 'SYSTEM';
SET sql_mode = 'NO_AUTO_VALUE_ON_ZERO';

DROP TABLE IF EXISTS `about`;
CREATE TABLE `about` (
  `id` int(10) unsigned NOT NULL AUTO_INCREMENT,
  `descripcion` text,
  `descripcion2` text,
  `created` datetime DEFAULT NULL,
  PRIMARY KEY (`id`)
) ENGINE=MyISAM DEFAULT CHARSET=utf8;

INSERT INTO `about` (`id`, `descripcion`, `descripcion2`, `created`) VALUES
(1,	'<p>Lorem ipsum dolor sit amet, consectetuer adipiscing elit, sed diam nonummy nibh euismod tincidunt ut laoreet dolore magna aliquam erat volutpat. Ut wisi enim ad minim veniam, quis nostrud exerci tation ullamcorper suscipit lobortis nisl ut aliquip ex ea commodo consequat. Duis autem vel eum iriure dolor in hendrerit in vulputate velit esse molestie consequat, vel illum dolore eu feugiat nulla facilisis at vero eros et accumsan et iusto odio dignissim qui blandit praesent luptatum zzril delenit augue duis dolore te feugait nulla facilisi. Expetenda tincidunt in sed, ex partem placerat sea, porro commodo ex eam. His putant aeterno interesset at. Usu ea mundi tincidunt, omnium virtute aliquando ius ex.</p>\r\n<p>Ea aperiri sententiae duo. Usu nullam dolorum quaestio ei, sit vidit facilisis ea. Per ne impedit iracundia neglegentur. Consetetur neglegentur eum ut, vis animal legimus inimicus id.</p>\r\n<p>His audiam deserunt in, eum ubique voluptatibus te. In reque dicta usu. Ne rebum dissentiet eam, vim omnis deseruisse id. Ullum deleniti vituperata at quo, insolens complectitur te eos, ea pri dico munere propriae. Vel ferri facilis ut, qui paulo ridens praesent ad. Possim alterum qui cu. Accusamus consulatu ius te, cu decore soleat appareat usu. Est ei erat mucius quaeque. Ei his quas phaedrum, efficiantur mediocritatem ne sed, hinc oratio blandit ei sed. Blandit gloriatur eam et.</p>\r\n<p>Brute noluisse per et, verear disputando neglegentur at quo. Sea quem legere ei, unum soluta ne duo. Ludus complectitur quo te, ut vide autem homero pro.</p>',	'<p>Lorem ipsum dolor sit amet, consectetuer adipiscing elit, sed diam nonummy nibh euismod tincidunt ut laoreet dolore magna aliquam erat volutpat. Ut wisi enim ad minim veniam, quis nostrud exerci tation ullamcorper suscipit lobortis nisl ut aliquip ex ea commodo consequat. Duis autem vel eum iriure dolor in hendrerit in vulputate velit esse molestie consequat, vel illum dolore eu feugiat nulla facilisis at vero eros et accumsan et iusto odio dignissim qui blandit praesent luptatum zzril delenit augue duis dolore te feugait nulla facilisi. Expetenda tincidunt in sed, ex partem placerat sea, porro commodo ex eam. His putant aeterno interesset at. Usu ea mundi tincidunt, omnium virtute aliquando ius ex.</p>\r\n<p>Ea aperiri sententiae duo. Usu nullam dolorum quaestio ei, sit vidit facilisis ea. Per ne impedit iracundia neglegentur. Consetetur neglegentur eum ut, vis animal legimus inimicus id.</p>\r\n<p>His audiam deserunt in, eum ubique voluptatibus te. In reque dicta usu. Ne rebum dissentiet eam, vim omnis deseruisse id. Ullum deleniti vituperata at quo, insolens complectitur te eos, ea pri dico munere propriae. Vel ferri facilis ut, qui paulo ridens praesent ad. Possim alterum qui cu. Accusamus consulatu ius te, cu decore soleat appareat usu. Est ei erat mucius quaeque. Ei his quas phaedrum, efficiantur mediocritatem ne sed, hinc oratio blandit ei sed. Blandit gloriatur eam et.</p>\r\n<p>Brute noluisse per et, verear disputando neglegentur at quo. Sea quem legere ei, unum soluta ne duo. Ludus complectitur quo te, ut vide autem homero pro.</p>',	'2012-08-10 15:54:06');

DROP TABLE IF EXISTS `productimgs`;
CREATE TABLE `productimgs` (
  `id` int(10) unsigned NOT NULL AUTO_INCREMENT,
  `product_id` int(10) unsigned DEFAULT NULL,
  `src` varchar(255) NOT NULL,
  `portada` tinyint(1) DEFAULT '0',
  `descripcion` text,
  `orden` int(10) unsigned DEFAULT '0',
  `created` datetime DEFAULT NULL,
  PRIMARY KEY (`id`)
) ENGINE=MyISAM DEFAULT CHARSET=utf8;

INSERT INTO `productimgs` (`id`, `product_id`, `src`, `portada`, `descripcion`, `orden`, `created`) VALUES
(1,	4,	'upload/img1213446406381.jpg',	1,	NULL,	1,	'2012-08-10 18:17:18'),
(2,	4,	'upload/img0913446406381.jpg',	0,	NULL,	2,	'2012-08-10 18:17:18'),
(3,	4,	'upload/img25.jpg',	0,	NULL,	3,	'2012-08-10 18:17:18'),
(4,	3,	'upload/img11.jpg',	1,	NULL,	4,	'2012-08-10 18:17:56'),
(5,	3,	'upload/img61.jpg',	0,	NULL,	5,	'2012-08-10 18:17:57'),
(6,	3,	'upload/img36.jpg',	0,	NULL,	6,	'2012-08-10 18:17:57'),
(7,	3,	'upload/img27.jpg',	0,	NULL,	7,	'2012-08-10 18:17:57'),
(8,	2,	'upload/img40.jpg',	1,	NULL,	8,	'2012-08-10 18:18:13'),
(9,	2,	'upload/img50.jpg',	0,	NULL,	9,	'2012-08-10 18:18:13'),
(10,	2,	'upload/img57.jpg',	0,	NULL,	10,	'2012-08-10 18:18:13'),
(11,	1,	'upload/img54.jpg',	1,	NULL,	11,	'2012-08-10 18:18:38'),
(12,	1,	'upload/img55.jpg',	0,	NULL,	12,	'2012-08-10 18:18:38'),
(13,	1,	'upload/img1213446407181.jpg',	0,	NULL,	13,	'2012-08-10 18:18:38'),
(14,	1,	'upload/img0313446407181.jpg',	0,	NULL,	14,	'2012-08-10 18:18:38');

DROP TABLE IF EXISTS `products`;
CREATE TABLE `products` (
  `id` int(10) unsigned NOT NULL AUTO_INCREMENT,
  `nombre` varchar(255) NOT NULL,
  `slug` varchar(255) DEFAULT NULL,
  `descripcion` text,
  `creditos` text,
  `activo` tinyint(1) DEFAULT '1',
  `orden` int(10) unsigned DEFAULT '0',
  `productimg_count` int(11) DEFAULT '0',
  `created` datetime DEFAULT NULL,
  PRIMARY KEY (`id`)
) ENGINE=MyISAM DEFAULT CHARSET=utf8;

INSERT INTO `products` (`id`, `nombre`, `slug`, `descripcion`, `creditos`, `activo`, `orden`, `productimg_count`, `created`) VALUES
(1,	'Nam in placerat urna. Etiam consectetur turpis sed',	'1_nam-in-placerat-urna-etiam-consectetur-turpis-sed',	'<p>Lorem ipsum dolor sit amet, consectetuer adipiscing elit, sed diam nonummy nibh euismod tincidunt ut laoreet dolore magna aliquam erat volutpat. Ut wisi enim ad minim veniam, quis nostrud exerci tation ullamcorper suscipit lobortis nisl ut aliquip ex ea commodo consequat. Duis autem vel eum iriure dolor in hendrerit in vulputate velit esse molestie consequat, vel illum dolore eu feugiat nulla facilisis at vero eros et accumsan et iusto odio dignissim qui blandit praesent luptatum zzril delenit augue duis dolore te feugait nulla facilisi. Expetenda tincidunt in sed, ex partem placerat sea, porro commodo ex eam. His putant aeterno interesset at. Usu ea mundi tincidunt, omnium virtute aliquando ius ex.</p>\r\n<p>Ea aperiri sententiae duo. Usu nullam dolorum quaestio ei, sit vidit facilisis ea. Per ne impedit iracundia neglegentur. Consetetur neglegentur eum ut, vis animal legimus inimicus id.</p>',	'<p>Lorem ipsum dolor sit amet, consectetuer adipiscing elit, sed diam nonummy nibh euismod tincidunt ut laoreet dolore magna aliquam erat volutpat. Ut wisi enim ad minim veniam, quis nostrud exerci tation ullamcorper suscipit lobortis nisl ut aliquip ex ea commodo consequat. Duis autem vel eum iriure dolor in hendrerit in vulputate velit esse molestie consequat, vel illum dolore eu feugiat nulla facilisis at vero eros et accumsan et iusto odio dignissim qui blandit praesent luptatum zzril delenit augue duis dolore te feugait nulla facilisi.</p>',	1,	1,	4,	'2012-08-10 18:10:05'),
(2,	'Donec et mi orci. Sed facilisis tempus enim',	'2_donec-et-mi-orci-sed-facilisis-tempus-enim',	'<p>Lorem ipsum dolor sit amet, consectetuer adipiscing elit, sed diam nonummy nibh euismod tincidunt ut laoreet dolore magna aliquam erat volutpat. Ut wisi enim ad minim veniam, quis nostrud exerci tation ullamcorper suscipit lobortis nisl ut aliquip ex ea commodo consequat. Duis autem vel eum iriure dolor in hendrerit in vulputate velit esse molestie consequat, vel illum dolore eu feugiat nulla facilisis at vero eros et accumsan et iusto odio dignissim qui blandit praesent luptatum zzril delenit augue duis dolore te feugait nulla facilisi. Expetenda tincidunt in sed, ex partem placerat sea, porro commodo ex eam. His putant aeterno interesset at. Usu ea mundi tincidunt, omnium virtute aliquando ius ex.</p>\r\n<p>Ea aperiri sententiae duo. Usu nullam dolorum quaestio ei, sit vidit facilisis ea. Per ne impedit iracundia neglegentur. Consetetur neglegentur eum ut, vis animal legimus inimicus id.</p>',	'<p>Lorem ipsum dolor sit amet, consectetuer adipiscing elit, sed diam nonummy nibh euismod tincidunt ut laoreet dolore magna aliquam erat volutpat. Ut wisi enim ad minim veniam, quis nostrud exerci tation ullamcorper suscipit lobortis nisl ut aliquip ex ea commodo consequat. Duis autem vel eum iriure dolor in hendrerit in vulputate velit esse molestie consequat, vel illum dolore eu feugiat nulla facilisis at vero eros et accumsan et iusto odio dignissim qui blandit praesent luptatum zzril delenit augue duis dolore te feugait nulla facilisi. Expetenda tincidunt in sed, ex partem placerat sea, porro commodo ex eam. His putant aeterno interesset at. Usu ea mundi tincidunt, omnium virtute aliquando ius ex.</p>',	1,	2,	3,	'2012-08-10 18:13:55'),
(3,	'Integer placerat mi eget urna congue dignissim',	'3_integer-placerat-mi-eget-urna-congue-dignissim',	'<p>Lorem ipsum dolor sit amet, consectetuer adipiscing elit, sed diam nonummy nibh euismod tincidunt ut laoreet dolore magna aliquam erat volutpat. Ut wisi enim ad minim veniam, quis nostrud exerci tation ullamcorper suscipit lobortis nisl ut aliquip ex ea commodo consequat. Duis autem vel eum iriure dolor in hendrerit in vulputate velit esse molestie consequat, vel illum dolore eu feugiat nulla facilisis at vero eros et accumsan et iusto odio dignissim qui blandit praesent luptatum zzril delenit augue duis dolore te feugait nulla facilisi. Expetenda tincidunt in sed, ex partem placerat sea, porro commodo ex eam. His putant aeterno interesset at. Usu ea mundi tincidunt, omnium virtute aliquando ius ex.</p>\r\n<p>Ea aperiri sententiae duo. Usu nullam dolorum quaestio ei, sit vidit facilisis ea. Per ne impedit iracundia neglegentur. Consetetur neglegentur eum ut, vis animal legimus inimicus id.</p>',	'<p>Lorem ipsum dolor sit amet, consectetuer adipiscing elit, sed diam nonummy nibh euismod tincidunt ut laoreet dolore magna aliquam erat volutpat. Ut wisi enim ad minim veniam, quis nostrud exerci tation ullamcorper suscipit lobortis nisl ut aliquip ex ea commodo consequat. Duis autem vel eum iriure dolor in hendrerit in vulputate velit esse molestie consequat</p>',	1,	3,	4,	'2012-08-10 18:14:45'),
(4,	'Mauris eget odio a est lobortis accumsan ut at ipsum',	'4_mauris-eget-odio-a-est-lobortis-accumsan-ut-at-ipsum',	'<p>Ea aperiri sententiae duo. Usu nullam dolorum quaestio ei, sit vidit facilisis ea. Per ne impedit iracundia neglegentur. Consetetur neglegentur eum ut, vis animal legimus inimicus id.</p>\r\n<p>His audiam deserunt in, eum ubique voluptatibus te. In reque dicta usu. Ne rebum dissentiet eam, vim omnis deseruisse id. Ullum deleniti vituperata at quo, insolens complectitur te eos, ea pri dico munere propriae. Vel ferri facilis ut, qui paulo ridens praesent ad. Possim alterum qui cu. Accusamus consulatu ius te, cu decore soleat appareat usu. Est ei erat mucius quaeque. Ei his quas phaedrum, efficiantur mediocritatem ne sed, hinc oratio blandit ei sed. Blandit gloriatur eam et.</p>\r\n<p>Brute noluisse per et, verear disputando neglegentur at quo. Sea quem legere ei, unum soluta ne duo. Ludus complectitur quo te, ut vide autem homero pro.</p>',	'<p>His audiam deserunt in, eum ubique voluptatibus te. In reque dicta usu. Ne rebum dissentiet eam, vim omnis deseruisse id. Ullum deleniti vituperata at quo, insolens complectitur te eos, ea pri dico munere propriae. Vel ferri facilis ut, qui paulo ridens praesent ad. Possim alterum qui cu. Accusamus consulatu ius te, cu decore soleat appareat usu. Est ei erat mucius quaeque. Ei his quas phaedrum, efficiantur mediocritatem ne sed, hinc oratio blandit ei sed. Blandit gloriatur eam et.</p>',	1,	4,	3,	'2012-08-10 18:17:18');

DROP TABLE IF EXISTS `products_tags`;
CREATE TABLE `products_tags` (
  `id` int(10) unsigned NOT NULL AUTO_INCREMENT,
  `product_id` int(10) unsigned NOT NULL,
  `tag_id` int(10) unsigned NOT NULL,
  PRIMARY KEY (`id`)
) ENGINE=MyISAM DEFAULT CHARSET=utf8;

INSERT INTO `products_tags` (`id`, `product_id`, `tag_id`) VALUES
(1,	1,	1),
(2,	1,	2),
(3,	1,	3),
(4,	2,	4),
(5,	3,	5),
(6,	3,	6),
(7,	4,	7),
(8,	4,	8);

DROP TABLE IF EXISTS `services`;
CREATE TABLE `services` (
  `id` int(10) unsigned NOT NULL AUTO_INCREMENT,
  `descripcion` text,
  `descripcion2` text,
  `created` datetime DEFAULT NULL,
  PRIMARY KEY (`id`)
) ENGINE=MyISAM DEFAULT CHARSET=utf8;

INSERT INTO `services` (`id`, `descripcion`, `descripcion2`, `created`) VALUES
(1,	'<p>Lorem ipsum dolor sit amet, consectetuer adipiscing elit, sed diam nonummy nibh euismod tincidunt ut laoreet dolore magna aliquam erat volutpat. Ut wisi enim ad minim veniam, quis nostrud exerci tation ullamcorper suscipit lobortis nisl ut aliquip ex ea commodo consequat. Duis autem vel eum iriure dolor in hendrerit in vulputate velit esse molestie consequat, vel illum dolore eu feugiat nulla facilisis at vero eros et accumsan et iusto odio dignissim qui blandit praesent luptatum zzril delenit augue duis dolore te feugait nulla facilisi. Expetenda tincidunt in sed, ex partem placerat sea, porro commodo ex eam. His putant aeterno interesset at. Usu ea mundi tincidunt, omnium virtute aliquando ius ex.</p>\r\n<p>Ea aperiri sententiae duo. Usu nullam dolorum quaestio ei, sit vidit facilisis ea. Per ne impedit iracundia neglegentur. Consetetur neglegentur eum ut, vis animal legimus inimicus id.</p>\r\n<p>His audiam deserunt in, eum ubique voluptatibus te. In reque dicta usu. Ne rebum dissentiet eam, vim omnis deseruisse id. Ullum deleniti vituperata at quo, insolens complectitur te eos, ea pri dico munere propriae. Vel ferri facilis ut, qui paulo ridens praesent ad. Possim alterum qui cu. Accusamus consulatu ius te, cu decore soleat appareat usu. Est ei erat mucius quaeque. Ei his quas phaedrum, efficiantur mediocritatem ne sed, hinc oratio blandit ei sed. Blandit gloriatur eam et.</p>\r\n<p>Brute noluisse per et, verear disputando neglegentur at quo. Sea quem legere ei, unum soluta ne duo. Ludus complectitur quo te, ut vide autem homero pro.</p>',	'<p>Lorem ipsum dolor sit amet, consectetuer adipiscing elit, sed diam nonummy nibh euismod tincidunt ut laoreet dolore magna aliquam erat volutpat. Ut wisi enim ad minim veniam, quis nostrud exerci tation ullamcorper suscipit lobortis nisl ut aliquip ex ea commodo consequat. Duis autem vel eum iriure dolor in hendrerit in vulputate velit esse molestie consequat, vel illum dolore eu feugiat nulla facilisis at vero eros et accumsan et iusto odio dignissim qui blandit praesent luptatum zzril delenit augue duis dolore te feugait nulla facilisi. Expetenda tincidunt in sed, ex partem placerat sea, porro commodo ex eam. His putant aeterno interesset at. Usu ea mundi tincidunt, omnium virtute aliquando ius ex.</p>\r\n<p>Ea aperiri sententiae duo. Usu nullam dolorum quaestio ei, sit vidit facilisis ea. Per ne impedit iracundia neglegentur. Consetetur neglegentur eum ut, vis animal legimus inimicus id.</p>\r\n<p>His audiam deserunt in, eum ubique voluptatibus te. In reque dicta usu. Ne rebum dissentiet eam, vim omnis deseruisse id. Ullum deleniti vituperata at quo, insolens complectitur te eos, ea pri dico munere propriae. Vel ferri facilis ut, qui paulo ridens praesent ad. Possim alterum qui cu. Accusamus consulatu ius te, cu decore soleat appareat usu. Est ei erat mucius quaeque. Ei his quas phaedrum, efficiantur mediocritatem ne sed, hinc oratio blandit ei sed. Blandit gloriatur eam et.</p>\r\n<p>Brute noluisse per et, verear disputando neglegentur at quo. Sea quem legere ei, unum soluta ne duo. Ludus complectitur quo te, ut vide autem homero pro.</p>',	'2012-08-10 16:06:43');

DROP TABLE IF EXISTS `tags`;
CREATE TABLE `tags` (
  `id` int(10) unsigned NOT NULL AUTO_INCREMENT,
  `tag` varchar(255) NOT NULL,
  `slug` varchar(255) DEFAULT NULL,
  PRIMARY KEY (`id`)
) ENGINE=MyISAM DEFAULT CHARSET=utf8;

INSERT INTO `tags` (`id`, `tag`, `slug`) VALUES
(1,	'Internet',	'1_internet'),
(2,	'Google',	'2_google'),
(3,	'Firefox',	'3_firefox'),
(4,	'Internet Explorer',	'4_internet-explorer'),
(5,	'Opera',	'5_opera'),
(6,	'Facebook',	'6_facebook'),
(7,	'Skype',	'7_skype'),
(8,	'9gag',	'8_9gag');

DROP TABLE IF EXISTS `users`;
CREATE TABLE `users` (
  `id` int(10) unsigned NOT NULL AUTO_INCREMENT,
  `username` varchar(255) NOT NULL,
  `password` varchar(255) NOT NULL,
  `nombre` varchar(255) DEFAULT NULL,
  `apellidos` varchar(255) DEFAULT NULL,
  `master` tinyint(1) DEFAULT '0',
  `created` datetime DEFAULT NULL,
  PRIMARY KEY (`id`)
) ENGINE=MyISAM DEFAULT CHARSET=utf8;

INSERT INTO `users` (`id`, `username`, `password`, `nombre`, `apellidos`, `master`, `created`) VALUES
(1,	'pulsem',	'327d3429df2c4512edc07ed9e948aa75f5d14f50',	'Master',	NULL,	1,	'2010-01-01 00:00:00'),
(2,	'admin',	'd033e22ae348aeb5660fc2140aec35850c4da997',	'Master',	NULL,	1,	'2010-01-01 00:00:00');

-- 2012-08-10 19:53:20
